report_month,date,scope_type,scope_name,parent_account,lead_target_month,deal_target_month,lead_cost_target_month,lead_cost_target_month_disp,cpl_target,cpl_target_disp,cps_target,cps_target_disp,daily_leads,daily_lead_target,daily_lead_attain,daily_lead_attain_pct,mtd_leads,mtd_lead_attain,mtd_lead_attain_pct,daily_deals,daily_deal_target,daily_deal_attain,daily_deal_attain_pct,mtd_deals,mtd_deal_attain,mtd_deal_attain_pct,daily_spend,mtd_spend,daily_cpl,daily_cpl_disp,mtd_cpl,mtd_cpl_disp,daily_cps,daily_cps_disp,mtd_cps,mtd_cps_disp,target_pool
2026-03,2026-03-01,account,快手-EXEED星途,,0.0,0.0,,N/A,,N/A,,N/A,0.0,0.0,,N/A,0.0,,N/A,0.0,0.0,,N/A,0.0,,N/A,0.0,0.0,,N/A,,N/A,,N/A,,N/A,快手-EXEED星途
2026-03,2026-03-02,account,快手-EXEED星途,,0.0,0.0,,N/A,,N/A,,N/A,0.0,0.0,,N/A,0.0,,N/A,0.0,0.0,,N/A,0.0,,N/A,0.0,0.0,,N/A,,N/A,,N/A,,N/A,快手-EXEED星途
2026-03,2026-03-03,account,快手-EXEED星途,,0.0,0.0,,N/A,,N/A,,N/A,0.0,0.0,,N/A,0.0,,N/A,1.0,0.0,,N/A,1.0,,N/A,0.0,0.0,,N/A,,N/A,0.0,0.00,0.0,0.00,快手-EXEED星途
2026-03,2026-03-04,account,快手-EXEED星途,,0.0,0.0,,N/A,,N/A,,N/A,0.0,0.0,,N/A,0.0,,N/A,0.0,0.0,,N/A,1.0,,N/A,0.0,0.0,,N/A,,N/A,,N/A,0.0,0.00,快手-EXEED星途
2026-03,2026-03-05,account,快手-EXEED星途,,0.0,0.0,,N/A,,N/A,,N/A,0.0,0.0,,N/A,0.0,,N/A,0.0,0.0,,N/A,1.0,,N/A,0.0,0.0,,N/A,,N/A,,N/A,0.0,0.00,快手-EXEED星途
2026-03,2026-03-06,account,快手-EXEED星途,,0.0,0.0,,N/A,,N/A,,N/A,0.0,0.0,,N/A,0.0,,N/A,0.0,0.0,,N/A,1.0,,N/A,0.0,0.0,,N/A,,N/A,,N/A,0.0,0.00,快手-EXEED星途
2026-03,2026-03-07,account,快手-EXEED星途,,0.0,0.0,,N/A,,N/A,,N/A,0.0,0.0,,N/A,0.0,,N/A,0.0,0.0,,N/A,1.0,,N/A,0.0,0.0,,N/A,,N/A,,N/A,0.0,0.00,快手-EXEED星途
2026-03,2026-03-08,account,快手-EXEED星途,,0.0,0.0,,N/A,,N/A,,N/A,0.0,0.0,,N/A,0.0,,N/A,0.0,0.0,,N/A,1.0,,N/A,0.0,0.0,,N/A,,N/A,,N/A,0.0,0.00,快手-EXEED星途
2026-03,2026-03-09,account,快手-EXEED星途,,0.0,0.0,,N/A,,N/A,,N/A,0.0,0.0,,N/A,0.0,,N/A,0.0,0.0,,N/A,1.0,,N/A,0.0,0.0,,N/A,,N/A,,N/A,0.0,0.00,快手-EXEED星途
2026-03,2026-03-10,account,快手-EXEED星途,,0.0,0.0,,N/A,,N/A,,N/A,0.0,0.0,,N/A,0.0,,N/A,0.0,0.0,,N/A,1.0,,N/A,0.0,0.0,,N/A,,N/A,,N/A,0.0,0.00,快手-EXEED星途
2026-03,2026-03-11,account,快手-EXEED星途,,0.0,0.0,,N/A,,N/A,,N/A,0.0,0.0,,N/A,0.0,,N/A,0.0,0.0,,N/A,1.0,,N/A,0.0,0.0,,N/A,,N/A,,N/A,0.0,0.00,快手-EXEED星途
2026-03,2026-03-12,account,快手-EXEED星途,,0.0,0.0,,N/A,,N/A,,N/A,0.0,0.0,,N/A,0.0,,N/A,0.0,0.0,,N/A,1.0,,N/A,0.0,0.0,,N/A,,N/A,,N/A,0.0,0.00,快手-EXEED星途
2026-03,2026-03-13,account,快手-EXEED星途,,0.0,0.0,,N/A,,N/A,,N/A,0.0,0.0,,N/A,0.0,,N/A,0.0,0.0,,N/A,1.0,,N/A,0.0,0.0,,N/A,,N/A,,N/A,0.0,0.00,快手-EXEED星途
2026-03,2026-03-14,account,快手-EXEED星途,,0.0,0.0,,N/A,,N/A,,N/A,0.0,0.0,,N/A,0.0,,N/A,0.0,0.0,,N/A,1.0,,N/A,0.0,0.0,,N/A,,N/A,,N/A,0.0,0.00,快手-EXEED星途
2026-03,2026-03-15,account,快手-EXEED星途,,0.0,0.0,,N/A,,N/A,,N/A,0.0,0.0,,N/A,0.0,,N/A,0.0,0.0,,N/A,1.0,,N/A,0.0,0.0,,N/A,,N/A,,N/A,0.0,0.00,快手-EXEED星途
2026-03,2026-03-16,account,快手-EXEED星途,,0.0,0.0,,N/A,,N/A,,N/A,0.0,0.0,,N/A,0.0,,N/A,0.0,0.0,,N/A,1.0,,N/A,0.0,0.0,,N/A,,N/A,,N/A,0.0,0.00,快手-EXEED星途
2026-03,2026-03-17,account,快手-EXEED星途,,0.0,0.0,,N/A,,N/A,,N/A,0.0,0.0,,N/A,0.0,,N/A,0.0,0.0,,N/A,1.0,,N/A,0.0,0.0,,N/A,,N/A,,N/A,0.0,0.00,快手-EXEED星途
2026-03,2026-03-18,account,快手-EXEED星途,,0.0,0.0,,N/A,,N/A,,N/A,0.0,0.0,,N/A,0.0,,N/A,0.0,0.0,,N/A,1.0,,N/A,0.0,0.0,,N/A,,N/A,,N/A,0.0,0.00,快手-EXEED星途
2026-03,2026-03-19,account,快手-EXEED星途,,0.0,0.0,,N/A,,N/A,,N/A,0.0,0.0,,N/A,0.0,,N/A,0.0,0.0,,N/A,1.0,,N/A,0.0,0.0,,N/A,,N/A,,N/A,0.0,0.00,快手-EXEED星途
2026-03,2026-03-20,account,快手-EXEED星途,,0.0,0.0,,N/A,,N/A,,N/A,0.0,0.0,,N/A,0.0,,N/A,0.0,0.0,,N/A,1.0,,N/A,0.0,0.0,,N/A,,N/A,,N/A,0.0,0.00,快手-EXEED星途
2026-03,2026-03-21,account,快手-EXEED星途,,0.0,0.0,,N/A,,N/A,,N/A,0.0,0.0,,N/A,0.0,,N/A,0.0,0.0,,N/A,1.0,,N/A,0.0,0.0,,N/A,,N/A,,N/A,0.0,0.00,快手-EXEED星途
2026-03,2026-03-22,account,快手-EXEED星途,,0.0,0.0,,N/A,,N/A,,N/A,0.0,0.0,,N/A,0.0,,N/A,0.0,0.0,,N/A,1.0,,N/A,0.0,0.0,,N/A,,N/A,,N/A,0.0,0.00,快手-EXEED星途
2026-03,2026-03-23,account,快手-EXEED星途,,0.0,0.0,,N/A,,N/A,,N/A,0.0,0.0,,N/A,0.0,,N/A,0.0,0.0,,N/A,1.0,,N/A,0.0,0.0,,N/A,,N/A,,N/A,0.0,0.00,快手-EXEED星途
2026-03,2026-03-24,account,快手-EXEED星途,,0.0,0.0,,N/A,,N/A,,N/A,0.0,0.0,,N/A,0.0,,N/A,0.0,0.0,,N/A,1.0,,N/A,0.0,0.0,,N/A,,N/A,,N/A,0.0,0.00,快手-EXEED星途
2026-03,2026-03-25,account,快手-EXEED星途,,0.0,0.0,,N/A,,N/A,,N/A,0.0,0.0,,N/A,0.0,,N/A,0.0,0.0,,N/A,1.0,,N/A,0.0,0.0,,N/A,,N/A,,N/A,0.0,0.00,快手-EXEED星途
2026-03,2026-03-26,account,快手-EXEED星途,,0.0,0.0,,N/A,,N/A,,N/A,0.0,0.0,,N/A,0.0,,N/A,0.0,0.0,,N/A,1.0,,N/A,0.0,0.0,,N/A,,N/A,,N/A,0.0,0.00,快手-EXEED星途
2026-03,2026-03-27,account,快手-EXEED星途,,0.0,0.0,,N/A,,N/A,,N/A,0.0,0.0,,N/A,0.0,,N/A,0.0,0.0,,N/A,1.0,,N/A,0.0,0.0,,N/A,,N/A,,N/A,0.0,0.00,快手-EXEED星途
2026-03,2026-03-28,account,快手-EXEED星途,,0.0,0.0,,N/A,,N/A,,N/A,0.0,0.0,,N/A,0.0,,N/A,0.0,0.0,,N/A,1.0,,N/A,0.0,0.0,,N/A,,N/A,,N/A,0.0,0.00,快手-EXEED星途
2026-03,2026-03-29,account,快手-EXEED星途,,0.0,0.0,,N/A,,N/A,,N/A,0.0,0.0,,N/A,0.0,,N/A,0.0,0.0,,N/A,1.0,,N/A,0.0,0.0,,N/A,,N/A,,N/A,0.0,0.00,快手-EXEED星途
2026-03,2026-03-30,account,快手-EXEED星途,,0.0,0.0,,N/A,,N/A,,N/A,0.0,0.0,,N/A,0.0,,N/A,0.0,0.0,,N/A,1.0,,N/A,0.0,0.0,,N/A,,N/A,,N/A,0.0,0.00,快手-EXEED星途
2026-03,2026-03-31,account,快手-EXEED星途,,0.0,0.0,,N/A,,N/A,,N/A,0.0,0.0,,N/A,0.0,,N/A,0.0,0.0,,N/A,1.0,,N/A,0.0,0.0,,N/A,,N/A,,N/A,0.0,0.00,快手-EXEED星途
2026-03,2026-03-01,account,抖音-EXEED星途,,0.0,0.0,,N/A,,N/A,,N/A,0.0,0.0,,N/A,0.0,,N/A,0.0,0.0,,N/A,0.0,,N/A,0.0,0.0,,N/A,,N/A,,N/A,,N/A,抖音-EXEED星途
2026-03,2026-03-02,account,抖音-EXEED星途,,0.0,0.0,,N/A,,N/A,,N/A,0.0,0.0,,N/A,0.0,,N/A,0.0,0.0,,N/A,0.0,,N/A,0.0,0.0,,N/A,,N/A,,N/A,,N/A,抖音-EXEED星途
2026-03,2026-03-03,account,抖音-EXEED星途,,0.0,0.0,,N/A,,N/A,,N/A,1.0,0.0,,N/A,1.0,,N/A,0.0,0.0,,N/A,0.0,,N/A,918.5,918.5,918.5,918.50,918.5,918.50,,N/A,,N/A,抖音-EXEED星途
2026-03,2026-03-04,account,抖音-EXEED星途,,0.0,0.0,,N/A,,N/A,,N/A,1.0,0.0,,N/A,2.0,,N/A,0.0,0.0,,N/A,0.0,,N/A,0.0,918.5,0.0,0.00,459.25,459.25,,N/A,,N/A,抖音-EXEED星途
2026-03,2026-03-05,account,抖音-EXEED星途,,0.0,0.0,,N/A,,N/A,,N/A,1.0,0.0,,N/A,3.0,,N/A,0.0,0.0,,N/A,0.0,,N/A,0.0,918.5,0.0,0.00,306.1667,306.17,,N/A,,N/A,抖音-EXEED星途
2026-03,2026-03-06,account,抖音-EXEED星途,,0.0,0.0,,N/A,,N/A,,N/A,1.0,0.0,,N/A,4.0,,N/A,0.0,0.0,,N/A,0.0,,N/A,0.0,918.5,0.0,0.00,229.625,229.62,,N/A,,N/A,抖音-EXEED星途
2026-03,2026-03-07,account,抖音-EXEED星途,,0.0,0.0,,N/A,,N/A,,N/A,0.0,0.0,,N/A,4.0,,N/A,0.0,0.0,,N/A,0.0,,N/A,0.0,918.5,,N/A,229.625,229.62,,N/A,,N/A,抖音-EXEED星途
2026-03,2026-03-08,account,抖音-EXEED星途,,0.0,0.0,,N/A,,N/A,,N/A,4.0,0.0,,N/A,8.0,,N/A,0.0,0.0,,N/A,0.0,,N/A,1100.0,2018.5,275.0,275.00,252.3125,252.31,,N/A,,N/A,抖音-EXEED星途
2026-03,2026-03-09,account,抖音-EXEED星途,,0.0,0.0,,N/A,,N/A,,N/A,2.0,0.0,,N/A,10.0,,N/A,1.0,0.0,,N/A,1.0,,N/A,0.0,2018.5,0.0,0.00,201.85,201.85,0.0,0.00,2018.5,2018.50,抖音-EXEED星途
2026-03,2026-03-10,account,抖音-EXEED星途,,0.0,0.0,,N/A,,N/A,,N/A,10.0,0.0,,N/A,20.0,,N/A,0.0,0.0,,N/A,1.0,,N/A,873.39,2891.89,87.339,87.34,144.5945,144.59,,N/A,2891.89,2891.89,抖音-EXEED星途
2026-03,2026-03-11,account,抖音-EXEED星途,,0.0,0.0,,N/A,,N/A,,N/A,11.0,0.0,,N/A,31.0,,N/A,1.0,0.0,,N/A,2.0,,N/A,0.0,2891.89,0.0,0.00,93.2868,93.29,0.0,0.00,1445.945,1445.94,抖音-EXEED星途
2026-03,2026-03-12,account,抖音-EXEED星途,,0.0,0.0,,N/A,,N/A,,N/A,5.0,0.0,,N/A,36.0,,N/A,0.0,0.0,,N/A,2.0,,N/A,1091.56,3983.45,218.312,218.31,110.6514,110.65,,N/A,1991.725,1991.72,抖音-EXEED星途
2026-03,2026-03-13,account,抖音-EXEED星途,,0.0,0.0,,N/A,,N/A,,N/A,4.0,0.0,,N/A,40.0,,N/A,0.0,0.0,,N/A,2.0,,N/A,1145.34,5128.79,286.335,286.33,128.2198,128.22,,N/A,2564.395,2564.39,抖音-EXEED星途
2026-03,2026-03-14,account,抖音-EXEED星途,,0.0,0.0,,N/A,,N/A,,N/A,8.0,0.0,,N/A,48.0,,N/A,0.0,0.0,,N/A,2.0,,N/A,277.94,5406.73,34.7425,34.74,112.6402,112.64,,N/A,2703.365,2703.36,抖音-EXEED星途
2026-03,2026-03-15,account,抖音-EXEED星途,,0.0,0.0,,N/A,,N/A,,N/A,4.0,0.0,,N/A,52.0,,N/A,0.0,0.0,,N/A,2.0,,N/A,500.0,5906.73,125.0,125.00,113.591,113.59,,N/A,2953.365,2953.36,抖音-EXEED星途
2026-03,2026-03-16,account,抖音-EXEED星途,,0.0,0.0,,N/A,,N/A,,N/A,3.0,0.0,,N/A,55.0,,N/A,0.0,0.0,,N/A,2.0,,N/A,544.71,6451.44,181.57,181.57,117.2989,117.30,,N/A,3225.72,3225.72,抖音-EXEED星途
2026-03,2026-03-17,account,抖音-EXEED星途,,0.0,0.0,,N/A,,N/A,,N/A,8.0,0.0,,N/A,63.0,,N/A,1.0,0.0,,N/A,3.0,,N/A,679.18,7130.62,84.8975,84.90,113.1844,113.18,679.18,679.18,2376.8733,2376.87,抖音-EXEED星途
2026-03,2026-03-18,account,抖音-EXEED星途,,0.0,0.0,,N/A,,N/A,,N/A,169.0,0.0,,N/A,232.0,,N/A,0.0,0.0,,N/A,3.0,,N/A,11466.24,18596.86,67.8476,67.85,80.1589,80.16,,N/A,6198.9533,6198.95,抖音-EXEED星途
2026-03,2026-03-19,account,抖音-EXEED星途,,0.0,0.0,,N/A,,N/A,,N/A,8.0,0.0,,N/A,240.0,,N/A,0.0,0.0,,N/A,3.0,,N/A,735.1,19331.96,91.8875,91.89,80.5498,80.55,,N/A,6443.9867,6443.99,抖音-EXEED星途
2026-03,2026-03-20,account,抖音-EXEED星途,,0.0,0.0,,N/A,,N/A,,N/A,4.0,0.0,,N/A,244.0,,N/A,0.0,0.0,,N/A,3.0,,N/A,319.85,19651.81,79.9625,79.96,80.5402,80.54,,N/A,6550.6033,6550.60,抖音-EXEED星途
2026-03,2026-03-21,account,抖音-EXEED星途,,0.0,0.0,,N/A,,N/A,,N/A,1.0,0.0,,N/A,245.0,,N/A,0.0,0.0,,N/A,3.0,,N/A,0.0,19651.81,0.0,0.00,80.2115,80.21,,N/A,6550.6033,6550.60,抖音-EXEED星途
2026-03,2026-03-22,account,抖音-EXEED星途,,0.0,0.0,,N/A,,N/A,,N/A,3.0,0.0,,N/A,248.0,,N/A,0.0,0.0,,N/A,3.0,,N/A,0.0,19651.81,0.0,0.00,79.2412,79.24,,N/A,6550.6033,6550.60,抖音-EXEED星途
2026-03,2026-03-23,account,抖音-EXEED星途,,0.0,0.0,,N/A,,N/A,,N/A,1.0,0.0,,N/A,249.0,,N/A,0.0,0.0,,N/A,3.0,,N/A,0.0,19651.81,0.0,0.00,78.9229,78.92,,N/A,6550.6033,6550.60,抖音-EXEED星途
2026-03,2026-03-24,account,抖音-EXEED星途,,0.0,0.0,,N/A,,N/A,,N/A,0.0,0.0,,N/A,249.0,,N/A,0.0,0.0,,N/A,3.0,,N/A,0.0,19651.81,,N/A,78.9229,78.92,,N/A,6550.6033,6550.60,抖音-EXEED星途
2026-03,2026-03-25,account,抖音-EXEED星途,,0.0,0.0,,N/A,,N/A,,N/A,0.0,0.0,,N/A,249.0,,N/A,0.0,0.0,,N/A,3.0,,N/A,0.0,19651.81,,N/A,78.9229,78.92,,N/A,6550.6033,6550.60,抖音-EXEED星途
2026-03,2026-03-26,account,抖音-EXEED星途,,0.0,0.0,,N/A,,N/A,,N/A,0.0,0.0,,N/A,249.0,,N/A,0.0,0.0,,N/A,3.0,,N/A,0.0,19651.81,,N/A,78.9229,78.92,,N/A,6550.6033,6550.60,抖音-EXEED星途
2026-03,2026-03-27,account,抖音-EXEED星途,,0.0,0.0,,N/A,,N/A,,N/A,0.0,0.0,,N/A,249.0,,N/A,0.0,0.0,,N/A,3.0,,N/A,0.0,19651.81,,N/A,78.9229,78.92,,N/A,6550.6033,6550.60,抖音-EXEED星途
2026-03,2026-03-28,account,抖音-EXEED星途,,0.0,0.0,,N/A,,N/A,,N/A,0.0,0.0,,N/A,249.0,,N/A,0.0,0.0,,N/A,3.0,,N/A,0.0,19651.81,,N/A,78.9229,78.92,,N/A,6550.6033,6550.60,抖音-EXEED星途
2026-03,2026-03-29,account,抖音-EXEED星途,,0.0,0.0,,N/A,,N/A,,N/A,0.0,0.0,,N/A,249.0,,N/A,0.0,0.0,,N/A,3.0,,N/A,0.0,19651.81,,N/A,78.9229,78.92,,N/A,6550.6033,6550.60,抖音-EXEED星途
2026-03,2026-03-30,account,抖音-EXEED星途,,0.0,0.0,,N/A,,N/A,,N/A,0.0,0.0,,N/A,249.0,,N/A,0.0,0.0,,N/A,3.0,,N/A,0.0,19651.81,,N/A,78.9229,78.92,,N/A,6550.6033,6550.60,抖音-EXEED星途
2026-03,2026-03-31,account,抖音-EXEED星途,,0.0,0.0,,N/A,,N/A,,N/A,0.0,0.0,,N/A,249.0,,N/A,0.0,0.0,,N/A,3.0,,N/A,0.0,19651.81,,N/A,78.9229,78.92,,N/A,6550.6033,6550.60,抖音-EXEED星途
2026-03,2026-03-01,account,抖音-星途汽车官方直播间,,14476.0,65.1429,247864.68,247864.68,17.1225,17.12,3804.9403,3804.94,0.0,466.9677,0.0,0.00%,0.0,0.0,0.00%,0.0,2.1014,0.0,0.00%,0.0,0.0,0.00%,0.0,0.0,,N/A,,N/A,,N/A,,N/A,官方+直营目标池
2026-03,2026-03-02,account,抖音-星途汽车官方直播间,,14476.0,65.1429,247864.68,247864.68,17.1225,17.12,3804.9403,3804.94,2.0,482.5333,0.004144791378833932,0.41%,2.0,0.00013815971262779773,0.01%,0.0,2.1714,0.0,0.00%,0.0,0.0,0.00%,0.0,0.0,0.0,0.00,0.0,0.00,,N/A,,N/A,官方+直营目标池
2026-03,2026-03-03,account,抖音-星途汽车官方直播间,,14476.0,65.1429,247864.68,247864.68,17.1225,17.12,3804.9403,3804.94,0.0,499.1034,0.0,0.00%,2.0,0.00013815971262779773,0.01%,0.0,2.2463,0.0,0.00%,0.0,0.0,0.00%,0.0,0.0,,N/A,0.0,0.00,,N/A,,N/A,官方+直营目标池
2026-03,2026-03-04,account,抖音-星途汽车官方直播间,,14476.0,65.1429,247864.68,247864.68,17.1225,17.12,3804.9403,3804.94,7.0,516.9286,0.013541522730413154,1.35%,9.0,0.0006217187068250898,0.06%,0.0,2.3265,0.0,0.00%,0.0,0.0,0.00%,0.0,0.0,0.0,0.00,0.0,0.00,,N/A,,N/A,官方+直营目标池
2026-03,2026-03-05,account,抖音-星途汽车官方直播间,,14476.0,65.1429,247864.68,247864.68,17.1225,17.12,3804.9403,3804.94,6.0,535.8148,0.011197898665929356,1.12%,15.0,0.001036197844708483,0.10%,0.0,2.4127,0.0,0.00%,0.0,0.0,0.00%,0.0,0.0,0.0,0.00,0.0,0.00,,N/A,,N/A,官方+直营目标池
2026-03,2026-03-06,account,抖音-星途汽车官方直播间,,14476.0,65.1429,247864.68,247864.68,17.1225,17.12,3804.9403,3804.94,11.0,556.1923,0.019777332134707143,1.98%,26.0,0.0017960762641613705,0.18%,0.0,2.5055,0.0,0.00%,0.0,0.0,0.00%,0.0,0.0,0.0,0.00,0.0,0.00,,N/A,,N/A,官方+直营目标池
2026-03,2026-03-07,account,抖音-星途汽车官方直播间,,14476.0,65.1429,247864.68,247864.68,17.1225,17.12,3804.9403,3804.94,0.0,578.0,0.0,0.00%,26.0,0.0017960762641613705,0.18%,0.0,2.6057,0.0,0.00%,0.0,0.0,0.00%,0.0,0.0,,N/A,0.0,0.00,,N/A,,N/A,官方+直营目标池
2026-03,2026-03-08,account,抖音-星途汽车官方直播间,,14476.0,65.1429,247864.68,247864.68,17.1225,17.12,3804.9403,3804.94,497.0,602.0833,0.8254671280276816,82.55%,523.0,0.03612876485216911,3.61%,2.0,2.7143,0.736842105263158,73.68%,2.0,0.030701754385964914,3.07%,28450.52,28450.52,57.2445,57.24,54.3987,54.40,14225.26,14225.26,14225.26,14225.26,官方+直营目标池
2026-03,2026-03-09,account,抖音-星途汽车官方直播间,,14476.0,65.1429,247864.68,247864.68,17.1225,17.12,3804.9403,3804.94,190.0,606.6522,0.313194295133663,31.32%,713.0,0.049253937551809894,4.93%,0.0,2.7453,0.0,0.00%,2.0,0.030701754385964914,3.07%,0.0,28450.52,0.0,0.00,39.9026,39.90,,N/A,14225.26,14225.26,官方+直营目标池
2026-03,2026-03-10,account,抖音-星途汽车官方直播间,,14476.0,65.1429,247864.68,247864.68,17.1225,17.12,3804.9403,3804.94,0.0,625.5909,0.0,0.00%,713.0,0.049253937551809894,4.93%,2.0,2.8701,0.6968325791855204,69.68%,4.0,0.06140350877192983,6.14%,0.0,28450.52,,N/A,39.9026,39.90,0.0,0.00,7112.63,7112.63,官方+直营目标池
2026-03,2026-03-11,account,抖音-星途汽车官方直播间,,14476.0,65.1429,247864.68,247864.68,17.1225,17.12,3804.9403,3804.94,0.0,655.381,0.0,0.00%,713.0,0.049253937551809894,4.93%,0.0,2.9116,0.0,0.00%,4.0,0.06140350877192983,6.14%,0.0,28450.52,,N/A,39.9026,39.90,,N/A,7112.63,7112.63,官方+直营目标池
2026-03,2026-03-12,account,抖音-星途汽车官方直播间,,14476.0,65.1429,247864.68,247864.68,17.1225,17.12,3804.9403,3804.94,3.0,688.15,0.004359514640703335,0.44%,716.0,0.04946117712075159,4.95%,0.0,3.0571,0.0,0.00%,4.0,0.06140350877192983,6.14%,0.0,28450.52,0.0,0.00,39.7354,39.74,,N/A,7112.63,7112.63,官方+直营目标池
2026-03,2026-03-13,account,抖音-星途汽车官方直播间,,14476.0,65.1429,247864.68,247864.68,17.1225,17.12,3804.9403,3804.94,0.0,724.2105,0.0,0.00%,716.0,0.04946117712075159,4.95%,0.0,3.218,0.0,0.00%,4.0,0.06140350877192983,6.14%,0.0,28450.52,,N/A,39.7354,39.74,,N/A,7112.63,7112.63,官方+直营目标池
2026-03,2026-03-14,account,抖音-星途汽车官方直播间,,14476.0,65.1429,247864.68,247864.68,17.1225,17.12,3804.9403,3804.94,0.0,764.4444,0.0,0.00%,716.0,0.04946117712075159,4.95%,1.0,3.3968,0.294392523364486,29.44%,5.0,0.07675438596491228,7.68%,0.0,28450.52,,N/A,39.7354,39.74,0.0,0.00,5690.104,5690.10,官方+直营目标池
2026-03,2026-03-15,account,抖音-星途汽车官方直播间,,14476.0,65.1429,247864.68,247864.68,17.1225,17.12,3804.9403,3804.94,1082.0,809.4118,1.3367732558139536,133.68%,1798.0,0.12420558165239017,12.42%,0.0,3.5378,0.0,0.00%,5.0,0.07675438596491228,7.68%,35067.94,63518.46,32.4103,32.41,35.3273,35.33,,N/A,12703.692,12703.69,官方+直营目标池
2026-03,2026-03-16,account,抖音-星途汽车官方直播间,,14476.0,65.1429,247864.68,247864.68,17.1225,17.12,3804.9403,3804.94,12.0,792.375,0.015144344533838144,1.51%,1810.0,0.12503453992815694,12.50%,0.0,3.7589,0.0,0.00%,5.0,0.07675438596491228,7.68%,0.0,63518.46,0.0,0.00,35.0931,35.09,,N/A,12703.692,12703.69,官方+直营目标池
2026-03,2026-03-17,account,抖音-星途汽车官方直播间,,14476.0,65.1429,247864.68,247864.68,17.1225,17.12,3804.9403,3804.94,1022.0,844.4,1.2103268593083847,121.03%,2832.0,0.1956341530809616,19.56%,0.0,4.0095,0.0,0.00%,5.0,0.07675438596491228,7.68%,33530.91,97049.37,32.8091,32.81,34.2688,34.27,,N/A,19409.874,19409.87,官方+直营目标池
2026-03,2026-03-18,account,抖音-星途汽车官方直播间,,14476.0,65.1429,247864.68,247864.68,17.1225,17.12,3804.9403,3804.94,108.0,831.7143,0.12985228443833735,12.99%,2940.0,0.20309477756286268,20.31%,0.0,4.2959,0.0,0.00%,5.0,0.07675438596491228,7.68%,30000.0,127049.37,277.7778,277.78,43.2141,43.21,,N/A,25409.874,25409.87,官方+直营目标池
2026-03,2026-03-19,account,抖音-星途汽车官方直播间,,14476.0,65.1429,247864.68,247864.68,17.1225,17.12,3804.9403,3804.94,1068.0,887.3846,1.2035367545076283,120.35%,4008.0,0.27687206410610665,27.69%,1.0,4.6264,0.21615201900237532,21.62%,6.0,0.09210526315789475,9.21%,39343.82,166393.19,36.8388,36.84,41.5153,41.52,39343.82,39343.82,27732.1983,27732.20,官方+直营目标池
2026-03,2026-03-20,account,抖音-星途汽车官方直播间,,14476.0,65.1429,247864.68,247864.68,17.1225,17.12,3804.9403,3804.94,499.0,872.3333,0.5720290408865113,57.20%,4507.0,0.31134291240674217,31.13%,0.0,4.9286,0.0,0.00%,6.0,0.09210526315789475,9.21%,17987.2,184380.39,36.0465,36.05,40.9098,40.91,,N/A,30730.065,30730.06,官方+直营目标池
2026-03,2026-03-21,account,抖音-星途汽车官方直播间,,14476.0,65.1429,247864.68,247864.68,17.1225,17.12,3804.9403,3804.94,18.0,906.2727,0.019861570869696057,1.99%,4525.0,0.31258634982039235,31.26%,0.0,5.3766,0.0,0.00%,6.0,0.09210526315789475,9.21%,0.0,184380.39,0.0,0.00,40.747,40.75,,N/A,30730.065,30730.06,官方+直营目标池
2026-03,2026-03-22,account,抖音-星途汽车官方直播间,,14476.0,65.1429,247864.68,247864.68,17.1225,17.12,3804.9403,3804.94,0.0,995.1,0.0,0.00%,4525.0,0.31258634982039235,31.26%,1.0,5.9143,0.16908212560386476,16.91%,7.0,0.1074561403508772,10.75%,0.0,184380.39,,N/A,40.747,40.75,0.0,0.00,26340.0557,26340.06,官方+直营目标池
2026-03,2026-03-23,account,抖音-星途汽车官方直播间,,14476.0,65.1429,247864.68,247864.68,17.1225,17.12,3804.9403,3804.94,15.0,1105.6667,0.013566475731082302,1.36%,4540.0,0.31362254766510084,31.36%,0.0,6.4603,0.0,0.00%,7.0,0.1074561403508772,10.75%,0.0,184380.39,0.0,0.00,40.6124,40.61,,N/A,26340.0557,26340.06,官方+直营目标池
2026-03,2026-03-24,account,抖音-星途汽车官方直播间,,14476.0,65.1429,247864.68,247864.68,17.1225,17.12,3804.9403,3804.94,0.0,1242.0,0.0,0.00%,4540.0,0.31362254766510084,31.36%,0.0,7.2679,0.0,0.00%,7.0,0.1074561403508772,10.75%,0.0,184380.39,,N/A,40.6124,40.61,,N/A,26340.0557,26340.06,官方+直营目标池
2026-03,2026-03-25,account,抖音-星途汽车官方直播间,,14476.0,65.1429,247864.68,247864.68,17.1225,17.12,3804.9403,3804.94,0.0,1419.4286,0.0,0.00%,4540.0,0.31362254766510084,31.36%,0.0,8.3061,0.0,0.00%,7.0,0.1074561403508772,10.75%,0.0,184380.39,,N/A,40.6124,40.61,,N/A,26340.0557,26340.06,官方+直营目标池
2026-03,2026-03-26,account,抖音-星途汽车官方直播间,,14476.0,65.1429,247864.68,247864.68,17.1225,17.12,3804.9403,3804.94,0.0,1656.0,0.0,0.00%,4540.0,0.31362254766510084,31.36%,0.0,9.6905,0.0,0.00%,7.0,0.1074561403508772,10.75%,0.0,184380.39,,N/A,40.6124,40.61,,N/A,26340.0557,26340.06,官方+直营目标池
2026-03,2026-03-27,account,抖音-星途汽车官方直播间,,14476.0,65.1429,247864.68,247864.68,17.1225,17.12,3804.9403,3804.94,0.0,1987.2,0.0,0.00%,4540.0,0.31362254766510084,31.36%,0.0,11.6286,0.0,0.00%,7.0,0.1074561403508772,10.75%,0.0,184380.39,,N/A,40.6124,40.61,,N/A,26340.0557,26340.06,官方+直营目标池
2026-03,2026-03-28,account,抖音-星途汽车官方直播间,,14476.0,65.1429,247864.68,247864.68,17.1225,17.12,3804.9403,3804.94,0.0,2484.0,0.0,0.00%,4540.0,0.31362254766510084,31.36%,0.0,14.5357,0.0,0.00%,7.0,0.1074561403508772,10.75%,0.0,184380.39,,N/A,40.6124,40.61,,N/A,26340.0557,26340.06,官方+直营目标池
2026-03,2026-03-29,account,抖音-星途汽车官方直播间,,14476.0,65.1429,247864.68,247864.68,17.1225,17.12,3804.9403,3804.94,0.0,3312.0,0.0,0.00%,4540.0,0.31362254766510084,31.36%,0.0,19.381,0.0,0.00%,7.0,0.1074561403508772,10.75%,0.0,184380.39,,N/A,40.6124,40.61,,N/A,26340.0557,26340.06,官方+直营目标池
2026-03,2026-03-30,account,抖音-星途汽车官方直播间,,14476.0,65.1429,247864.68,247864.68,17.1225,17.12,3804.9403,3804.94,0.0,4968.0,0.0,0.00%,4540.0,0.31362254766510084,31.36%,0.0,29.0714,0.0,0.00%,7.0,0.1074561403508772,10.75%,0.0,184380.39,,N/A,40.6124,40.61,,N/A,26340.0557,26340.06,官方+直营目标池
2026-03,2026-03-31,account,抖音-星途汽车官方直播间,,14476.0,65.1429,247864.68,247864.68,17.1225,17.12,3804.9403,3804.94,0.0,9936.0,0.0,0.00%,4540.0,0.31362254766510084,31.36%,0.0,58.1429,0.0,0.00%,7.0,0.1074561403508772,10.75%,0.0,184380.39,,N/A,40.6124,40.61,,N/A,26340.0557,26340.06,官方+直营目标池
2026-03,2026-03-01,account,抖音-星途汽车直播营销中心,,10857.0,48.8571,185898.51,185898.51,17.1225,17.12,3804.9403,3804.94,4.0,350.2258,0.011421202910564612,1.14%,4.0,0.00036842590034079397,0.04%,0.0,1.576,0.0,0.00%,0.0,0.0,0.00%,0.0,0.0,0.0,0.00,0.0,0.00,,N/A,,N/A,直播营销目标池
2026-03,2026-03-02,account,抖音-星途汽车直播营销中心,,10857.0,48.8571,185898.51,185898.51,17.1225,17.12,3804.9403,3804.94,0.0,361.7667,0.0,0.00%,4.0,0.00036842590034079397,0.04%,0.0,1.6286,0.0,0.00%,0.0,0.0,0.00%,0.0,0.0,,N/A,0.0,0.00,,N/A,,N/A,直播营销目标池
2026-03,2026-03-03,account,抖音-星途汽车直播营销中心,,10857.0,48.8571,185898.51,185898.51,17.1225,17.12,3804.9403,3804.94,1.0,374.2414,0.0026720722380908506,0.27%,5.0,0.0004605323754259925,0.05%,0.0,1.6847,0.0,0.00%,0.0,0.0,0.00%,0.0,0.0,0.0,0.00,0.0,0.00,,N/A,,N/A,直播营销目标池
2026-03,2026-03-04,account,抖音-星途汽车直播营销中心,,10857.0,48.8571,185898.51,185898.51,17.1225,17.12,3804.9403,3804.94,1.0,387.5714,0.002580169553999263,0.26%,6.0,0.0005526388505111909,0.06%,0.0,1.7449,0.0,0.00%,0.0,0.0,0.00%,0.0,0.0,0.0,0.00,0.0,0.00,,N/A,,N/A,直播营销目标池
2026-03,2026-03-05,account,抖音-星途汽车直播营销中心,,10857.0,48.8571,185898.51,185898.51,17.1225,17.12,3804.9403,3804.94,3.0,401.8889,0.007464749792645838,0.75%,9.0,0.0008289582757667864,0.08%,0.0,1.8095,0.0,0.00%,0.0,0.0,0.00%,0.0,0.0,0.0,0.00,0.0,0.00,,N/A,,N/A,直播营销目标池
2026-03,2026-03-06,account,抖音-星途汽车直播营销中心,,10857.0,48.8571,185898.51,185898.51,17.1225,17.12,3804.9403,3804.94,540.0,417.2308,1.2942477876106195,129.42%,549.0,0.05056645482177397,5.06%,0.0,1.8791,0.0,0.00%,0.0,0.0,0.00%,20475.12,20475.12,37.9169,37.92,37.2953,37.30,,N/A,,N/A,直播营销目标池
2026-03,2026-03-07,account,抖音-星途汽车直播营销中心,,10857.0,48.8571,185898.51,185898.51,17.1225,17.12,3804.9403,3804.94,1.0,412.32,0.002425300737291424,0.24%,550.0,0.05065856129685917,5.07%,0.0,1.9543,0.0,0.00%,0.0,0.0,0.00%,0.0,20475.12,0.0,0.00,37.2275,37.23,,N/A,,N/A,直播营销目标池
2026-03,2026-03-08,account,抖音-星途汽车直播营销中心,,10857.0,48.8571,185898.51,185898.51,17.1225,17.12,3804.9403,3804.94,1.0,429.4583,0.002328514601726982,0.23%,551.0,0.05075066777194437,5.08%,0.0,2.0357,0.0,0.00%,0.0,0.0,0.00%,0.0,20475.12,0.0,0.00,37.1599,37.16,,N/A,,N/A,直播营销目标池
2026-03,2026-03-09,account,抖音-星途汽车直播营销中心,,10857.0,48.8571,185898.51,185898.51,17.1225,17.12,3804.9403,3804.94,8.0,448.087,0.01785367746943528,1.79%,559.0,0.051487519572625956,5.15%,0.0,2.1242,0.0,0.00%,0.0,0.0,0.00%,0.0,20475.12,0.0,0.00,36.6281,36.63,,N/A,,N/A,直播营销目标池
2026-03,2026-03-10,account,抖音-星途汽车直播营销中心,,10857.0,48.8571,185898.51,185898.51,17.1225,17.12,3804.9403,3804.94,10.0,468.0909,0.02136337152845213,2.14%,569.0,0.05240858432347794,5.24%,0.0,2.2208,0.0,0.00%,0.0,0.0,0.00%,0.0,20475.12,0.0,0.00,35.9844,35.98,,N/A,,N/A,直播营销目标池
2026-03,2026-03-11,account,抖音-星途汽车直播营销中心,,10857.0,48.8571,185898.51,185898.51,17.1225,17.12,3804.9403,3804.94,3.0,489.9048,0.006123639191290824,0.61%,572.0,0.05268490374873354,5.27%,1.0,2.3265,0.4298245614035087,42.98%,1.0,0.02046783625730994,2.05%,0.0,20475.12,0.0,0.00,35.7957,35.80,0.0,0.00,20475.12,20475.12,直播营销目标池
2026-03,2026-03-12,account,抖音-星途汽车直播营销中心,,10857.0,48.8571,185898.51,185898.51,17.1225,17.12,3804.9403,3804.94,4.0,514.25,0.007778317938745746,0.78%,576.0,0.05305332964907433,5.31%,1.0,2.3929,0.41791044776119396,41.79%,2.0,0.04093567251461988,4.09%,0.0,20475.12,0.0,0.00,35.5471,35.55,0.0,0.00,10237.56,10237.56,直播营销目标池
2026-03,2026-03-13,account,抖音-星途汽车直播营销中心,,10857.0,48.8571,185898.51,185898.51,17.1225,17.12,3804.9403,3804.94,0.0,541.1053,0.0,0.00%,576.0,0.05305332964907433,5.31%,0.0,2.4662,0.0,0.00%,2.0,0.04093567251461988,4.09%,0.0,20475.12,,N/A,35.5471,35.55,,N/A,10237.56,10237.56,直播营销目标池
2026-03,2026-03-14,account,抖音-星途汽车直播营销中心,,10857.0,48.8571,185898.51,185898.51,17.1225,17.12,3804.9403,3804.94,198.0,571.1667,0.3466588853224395,34.67%,774.0,0.07129041171594364,7.13%,0.0,2.6032,0.0,0.00%,2.0,0.04093567251461988,4.09%,5000.0,25475.12,25.2525,25.25,32.9136,32.91,,N/A,12737.56,12737.56,直播营销目标池
2026-03,2026-03-15,account,抖音-星途汽车直播营销中心,,10857.0,48.8571,185898.51,185898.51,17.1225,17.12,3804.9403,3804.94,0.0,593.1176,0.0,0.00%,774.0,0.07129041171594364,7.13%,0.0,2.7563,0.0,0.00%,2.0,0.04093567251461988,4.09%,0.0,25475.12,,N/A,32.9136,32.91,,N/A,12737.56,12737.56,直播营销目标池
2026-03,2026-03-16,account,抖音-星途汽车直播营销中心,,10857.0,48.8571,185898.51,185898.51,17.1225,17.12,3804.9403,3804.94,941.0,630.1875,1.4932063869879997,149.32%,1715.0,0.1579626047711154,15.80%,0.0,2.9286,0.0,0.00%,2.0,0.04093567251461988,4.09%,30122.84,55597.96,32.0115,32.01,32.4186,32.42,,N/A,27798.98,27798.98,直播营销目标池
2026-03,2026-03-17,account,抖音-星途汽车直播营销中心,,10857.0,48.8571,185898.51,185898.51,17.1225,17.12,3804.9403,3804.94,933.0,609.4667,1.5308466418726754,153.08%,2648.0,0.2438979460256056,24.39%,0.0,3.1238,0.0,0.00%,2.0,0.04093567251461988,4.09%,30928.91,86526.87,33.15,33.15,32.6763,32.68,,N/A,43263.435,43263.43,直播营销目标池
2026-03,2026-03-18,account,抖音-星途汽车直播营销中心,,10857.0,48.8571,185898.51,185898.51,17.1225,17.12,3804.9403,3804.94,4381.0,586.3571,7.471555609696674,747.16%,7029.0,0.6474164133738601,64.74%,0.0,3.3469,0.0,0.00%,2.0,0.04093567251461988,4.09%,135044.1,221570.97,30.8249,30.82,31.5224,31.52,,N/A,110785.485,110785.49,直播营销目标池
2026-03,2026-03-19,account,抖音-星途汽车直播营销中心,,10857.0,48.8571,185898.51,185898.51,17.1225,17.12,3804.9403,3804.94,782.0,294.4615,2.655694879832811,265.57%,7811.0,0.7194436768904854,71.94%,0.0,3.6044,0.0,0.00%,2.0,0.04093567251461988,4.09%,27537.16,249108.13,35.2138,35.21,31.892,31.89,,N/A,124554.065,124554.07,直播营销目标池
2026-03,2026-03-20,account,抖音-星途汽车直播营销中心,,10857.0,48.8571,185898.51,185898.51,17.1225,17.12,3804.9403,3804.94,444.0,253.8333,1.7491792514773472,174.92%,8255.0,0.7603389518283136,76.03%,0.0,3.9048,0.0,0.00%,2.0,0.04093567251461988,4.09%,15105.01,264213.14,34.0203,34.02,32.0064,32.01,,N/A,132106.57,132106.57,直播营销目标池
2026-03,2026-03-21,account,抖音-星途汽车直播营销中心,,10857.0,48.8571,185898.51,185898.51,17.1225,17.12,3804.9403,3804.94,0.0,236.5455,0.0,0.00%,8255.0,0.7603389518283136,76.03%,2.0,4.2597,0.46951219512195114,46.95%,4.0,0.08187134502923976,8.19%,0.0,264213.14,,N/A,32.0064,32.01,0.0,0.00,66053.285,66053.29,直播营销目标池
2026-03,2026-03-22,account,抖音-星途汽车直播营销中心,,10857.0,48.8571,185898.51,185898.51,17.1225,17.12,3804.9403,3804.94,1.0,260.2,0.0038431975403535744,0.38%,8256.0,0.7604310583033987,76.04%,0.0,4.4857,0.0,0.00%,4.0,0.08187134502923976,8.19%,0.0,264213.14,0.0,0.00,32.0026,32.00,,N/A,66053.285,66053.29,直播营销目标池
2026-03,2026-03-23,account,抖音-星途汽车直播营销中心,,10857.0,48.8571,185898.51,185898.51,17.1225,17.12,3804.9403,3804.94,2.0,289.0,0.006920415224913495,0.69%,8258.0,0.7606152712535691,76.06%,0.0,4.9841,0.0,0.00%,4.0,0.08187134502923976,8.19%,0.0,264213.14,0.0,0.00,31.9948,31.99,,N/A,66053.285,66053.29,直播营销目标池
2026-03,2026-03-24,account,抖音-星途汽车直播营销中心,,10857.0,48.8571,185898.51,185898.51,17.1225,17.12,3804.9403,3804.94,0.0,324.875,0.0,0.00%,8258.0,0.7606152712535691,76.06%,0.0,5.6071,0.0,0.00%,4.0,0.08187134502923976,8.19%,0.0,264213.14,,N/A,31.9948,31.99,,N/A,66053.285,66053.29,直播营销目标池
2026-03,2026-03-25,account,抖音-星途汽车直播营销中心,,10857.0,48.8571,185898.51,185898.51,17.1225,17.12,3804.9403,3804.94,0.0,371.2857,0.0,0.00%,8258.0,0.7606152712535691,76.06%,0.0,6.4082,0.0,0.00%,4.0,0.08187134502923976,8.19%,0.0,264213.14,,N/A,31.9948,31.99,,N/A,66053.285,66053.29,直播营销目标池
2026-03,2026-03-26,account,抖音-星途汽车直播营销中心,,10857.0,48.8571,185898.51,185898.51,17.1225,17.12,3804.9403,3804.94,0.0,433.1667,0.0,0.00%,8258.0,0.7606152712535691,76.06%,0.0,7.4762,0.0,0.00%,4.0,0.08187134502923976,8.19%,0.0,264213.14,,N/A,31.9948,31.99,,N/A,66053.285,66053.29,直播营销目标池
2026-03,2026-03-27,account,抖音-星途汽车直播营销中心,,10857.0,48.8571,185898.51,185898.51,17.1225,17.12,3804.9403,3804.94,0.0,519.8,0.0,0.00%,8258.0,0.7606152712535691,76.06%,0.0,8.9714,0.0,0.00%,4.0,0.08187134502923976,8.19%,0.0,264213.14,,N/A,31.9948,31.99,,N/A,66053.285,66053.29,直播营销目标池
2026-03,2026-03-28,account,抖音-星途汽车直播营销中心,,10857.0,48.8571,185898.51,185898.51,17.1225,17.12,3804.9403,3804.94,0.0,649.75,0.0,0.00%,8258.0,0.7606152712535691,76.06%,0.0,11.2143,0.0,0.00%,4.0,0.08187134502923976,8.19%,0.0,264213.14,,N/A,31.9948,31.99,,N/A,66053.285,66053.29,直播营销目标池
2026-03,2026-03-29,account,抖音-星途汽车直播营销中心,,10857.0,48.8571,185898.51,185898.51,17.1225,17.12,3804.9403,3804.94,0.0,866.3333,0.0,0.00%,8258.0,0.7606152712535691,76.06%,0.0,14.9524,0.0,0.00%,4.0,0.08187134502923976,8.19%,0.0,264213.14,,N/A,31.9948,31.99,,N/A,66053.285,66053.29,直播营销目标池
2026-03,2026-03-30,account,抖音-星途汽车直播营销中心,,10857.0,48.8571,185898.51,185898.51,17.1225,17.12,3804.9403,3804.94,0.0,1299.5,0.0,0.00%,8258.0,0.7606152712535691,76.06%,0.0,22.4286,0.0,0.00%,4.0,0.08187134502923976,8.19%,0.0,264213.14,,N/A,31.9948,31.99,,N/A,66053.285,66053.29,直播营销目标池
2026-03,2026-03-31,account,抖音-星途汽车直播营销中心,,10857.0,48.8571,185898.51,185898.51,17.1225,17.12,3804.9403,3804.94,0.0,2599.0,0.0,0.00%,8258.0,0.7606152712535691,76.06%,0.0,44.8571,0.0,0.00%,4.0,0.08187134502923976,8.19%,0.0,264213.14,,N/A,31.9948,31.99,,N/A,66053.285,66053.29,直播营销目标池
2026-03,2026-03-01,account,抖音-星途汽车直营中心,,14476.0,65.1429,247864.68,247864.68,17.1225,17.12,3804.9403,3804.94,0.0,466.9677,0.0,0.00%,0.0,0.0,0.00%,0.0,2.1014,0.0,0.00%,0.0,0.0,0.00%,0.0,0.0,,N/A,,N/A,,N/A,,N/A,官方+直营目标池
2026-03,2026-03-02,account,抖音-星途汽车直营中心,,14476.0,65.1429,247864.68,247864.68,17.1225,17.12,3804.9403,3804.94,0.0,482.5333,0.0,0.00%,0.0,0.0,0.00%,0.0,2.1714,0.0,0.00%,0.0,0.0,0.00%,0.0,0.0,,N/A,,N/A,,N/A,,N/A,官方+直营目标池
2026-03,2026-03-03,account,抖音-星途汽车直营中心,,14476.0,65.1429,247864.68,247864.68,17.1225,17.12,3804.9403,3804.94,0.0,499.1724,0.0,0.00%,0.0,0.0,0.00%,0.0,2.2463,0.0,0.00%,0.0,0.0,0.00%,0.0,0.0,,N/A,,N/A,,N/A,,N/A,官方+直营目标池
2026-03,2026-03-04,account,抖音-星途汽车直营中心,,14476.0,65.1429,247864.68,247864.68,17.1225,17.12,3804.9403,3804.94,0.0,517.0,0.0,0.00%,0.0,0.0,0.00%,0.0,2.3265,0.0,0.00%,0.0,0.0,0.00%,0.0,0.0,,N/A,,N/A,,N/A,,N/A,官方+直营目标池
2026-03,2026-03-05,account,抖音-星途汽车直营中心,,14476.0,65.1429,247864.68,247864.68,17.1225,17.12,3804.9403,3804.94,2.0,536.1481,0.003730312240950539,0.37%,2.0,0.00013815971262779773,0.01%,0.0,2.4127,0.0,0.00%,0.0,0.0,0.00%,0.0,0.0,0.0,0.00,0.0,0.00,,N/A,,N/A,官方+直营目标池
2026-03,2026-03-06,account,抖音-星途汽车直营中心,,14476.0,65.1429,247864.68,247864.68,17.1225,17.12,3804.9403,3804.94,1.0,556.6923,0.0017963244438303162,0.18%,3.0,0.0002072395689416966,0.02%,0.0,2.5055,0.0,0.00%,0.0,0.0,0.00%,0.0,0.0,0.0,0.00,0.0,0.00,,N/A,,N/A,官方+直营目标池
2026-03,2026-03-07,account,抖音-星途汽车直营中心,,14476.0,65.1429,247864.68,247864.68,17.1225,17.12,3804.9403,3804.94,0.0,578.92,0.0,0.00%,3.0,0.0002072395689416966,0.02%,0.0,2.6057,0.0,0.00%,0.0,0.0,0.00%,0.0,0.0,,N/A,0.0,0.00,,N/A,,N/A,官方+直营目标池
2026-03,2026-03-08,account,抖音-星途汽车直营中心,,14476.0,65.1429,247864.68,247864.68,17.1225,17.12,3804.9403,3804.94,0.0,603.0417,0.0,0.00%,3.0,0.0002072395689416966,0.02%,0.0,2.7143,0.0,0.00%,0.0,0.0,0.00%,0.0,0.0,,N/A,0.0,0.00,,N/A,,N/A,官方+直营目标池
2026-03,2026-03-09,account,抖音-星途汽车直营中心,,14476.0,65.1429,247864.68,247864.68,17.1225,17.12,3804.9403,3804.94,1.0,629.2609,0.0015891660333033925,0.16%,4.0,0.00027631942525559546,0.03%,0.0,2.8323,0.0,0.00%,0.0,0.0,0.00%,0.0,0.0,0.0,0.00,0.0,0.00,,N/A,,N/A,官方+直营目标池
2026-03,2026-03-10,account,抖音-星途汽车直营中心,,14476.0,65.1429,247864.68,247864.68,17.1225,17.12,3804.9403,3804.94,0.0,657.8182,0.0,0.00%,4.0,0.00027631942525559546,0.03%,0.0,2.961,0.0,0.00%,0.0,0.0,0.00%,0.0,0.0,,N/A,0.0,0.00,,N/A,,N/A,官方+直营目标池
2026-03,2026-03-11,account,抖音-星途汽车直营中心,,14476.0,65.1429,247864.68,247864.68,17.1225,17.12,3804.9403,3804.94,1.0,689.1429,0.0014510779436152572,0.15%,5.0,0.0003453992815694943,0.03%,0.0,3.102,0.0,0.00%,0.0,0.0,0.00%,0.0,0.0,0.0,0.00,0.0,0.00,,N/A,,N/A,官方+直营目标池
2026-03,2026-03-12,account,抖音-星途汽车直营中心,,14476.0,65.1429,247864.68,247864.68,17.1225,17.12,3804.9403,3804.94,3.0,723.55,0.00414622348144565,0.41%,8.0,0.0005526388505111909,0.06%,0.0,3.2571,0.0,0.00%,0.0,0.0,0.00%,0.0,0.0,0.0,0.00,0.0,0.00,,N/A,,N/A,官方+直营目标池
2026-03,2026-03-13,account,抖音-星途汽车直营中心,,14476.0,65.1429,247864.68,247864.68,17.1225,17.12,3804.9403,3804.94,0.0,761.4737,0.0,0.00%,8.0,0.0005526388505111909,0.06%,0.0,3.4286,0.0,0.00%,0.0,0.0,0.00%,0.0,0.0,,N/A,0.0,0.00,,N/A,,N/A,官方+直营目标池
2026-03,2026-03-14,account,抖音-星途汽车直营中心,,14476.0,65.1429,247864.68,247864.68,17.1225,17.12,3804.9403,3804.94,0.0,803.7778,0.0,0.00%,8.0,0.0005526388505111909,0.06%,0.0,3.619,0.0,0.00%,0.0,0.0,0.00%,0.0,0.0,,N/A,0.0,0.00,,N/A,,N/A,官方+直营目标池
2026-03,2026-03-15,account,抖音-星途汽车直营中心,,14476.0,65.1429,247864.68,247864.68,17.1225,17.12,3804.9403,3804.94,2.0,851.0588,0.002350013823610727,0.24%,10.0,0.0006907985631389886,0.07%,0.0,3.8319,0.0,0.00%,0.0,0.0,0.00%,0.0,0.0,0.0,0.00,0.0,0.00,,N/A,,N/A,官方+直营目标池
2026-03,2026-03-16,account,抖音-星途汽车直营中心,,14476.0,65.1429,247864.68,247864.68,17.1225,17.12,3804.9403,3804.94,0.0,904.125,0.0,0.00%,10.0,0.0006907985631389886,0.07%,0.0,4.0714,0.0,0.00%,0.0,0.0,0.00%,0.0,0.0,,N/A,0.0,0.00,,N/A,,N/A,官方+直营目标池
2026-03,2026-03-17,account,抖音-星途汽车直营中心,,14476.0,65.1429,247864.68,247864.68,17.1225,17.12,3804.9403,3804.94,126.0,964.4,0.1306511820821236,13.07%,136.0,0.009394860458690245,0.94%,0.0,4.3429,0.0,0.00%,0.0,0.0,0.00%,5000.0,5000.0,39.6825,39.68,36.7647,36.76,,N/A,,N/A,官方+直营目标池
2026-03,2026-03-18,account,抖音-星途汽车直营中心,,14476.0,65.1429,247864.68,247864.68,17.1225,17.12,3804.9403,3804.94,4944.0,1024.2857,4.8267782426778245,482.68%,5080.0,0.35092567007460623,35.09%,0.0,4.6531,0.0,0.00%,0.0,0.0,0.00%,165753.09,170753.09,33.5261,33.53,33.6128,33.61,,N/A,,N/A,官方+直营目标池
2026-03,2026-03-19,account,抖音-星途汽车直营中心,,14476.0,65.1429,247864.68,247864.68,17.1225,17.12,3804.9403,3804.94,13.0,722.7692,0.01798637718177948,1.80%,5093.0,0.3518237082066869,35.18%,0.0,5.011,0.0,0.00%,0.0,0.0,0.00%,0.0,170753.09,0.0,0.00,33.527,33.53,,N/A,,N/A,官方+直营目标池
2026-03,2026-03-20,account,抖音-星途汽车直营中心,,14476.0,65.1429,247864.68,247864.68,17.1225,17.12,3804.9403,3804.94,3.0,781.9167,0.003836725993818608,0.38%,5096.0,0.3520309477756286,35.20%,1.0,5.4286,0.1842105263157895,18.42%,1.0,0.015350877192982457,1.54%,0.0,170753.09,0.0,0.00,33.5073,33.51,0.0,0.00,170753.09,170753.09,官方+直营目标池
2026-03,2026-03-21,account,抖音-星途汽车直营中心,,14476.0,65.1429,247864.68,247864.68,17.1225,17.12,3804.9403,3804.94,8.0,852.7273,0.009381663113006396,0.94%,5104.0,0.3525835866261398,35.26%,0.0,5.8312,0.0,0.00%,1.0,0.015350877192982457,1.54%,0.0,170753.09,0.0,0.00,33.4548,33.45,,N/A,170753.09,170753.09,官方+直营目标池
2026-03,2026-03-22,account,抖音-星途汽车直营中心,,14476.0,65.1429,247864.68,247864.68,17.1225,17.12,3804.9403,3804.94,0.0,937.2,0.0,0.00%,5104.0,0.3525835866261398,35.26%,0.0,6.4143,0.0,0.00%,1.0,0.015350877192982457,1.54%,0.0,170753.09,,N/A,33.4548,33.45,,N/A,170753.09,170753.09,官方+直营目标池
2026-03,2026-03-23,account,抖音-星途汽车直营中心,,14476.0,65.1429,247864.68,247864.68,17.1225,17.12,3804.9403,3804.94,1.0,1041.3333,0.0009603072983354674,0.10%,5105.0,0.3526526664824537,35.27%,0.0,7.127,0.0,0.00%,1.0,0.015350877192982457,1.54%,0.0,170753.09,0.0,0.00,33.4482,33.45,,N/A,170753.09,170753.09,官方+直营目标池
2026-03,2026-03-24,account,抖音-星途汽车直营中心,,14476.0,65.1429,247864.68,247864.68,17.1225,17.12,3804.9403,3804.94,0.0,1171.375,0.0,0.00%,5105.0,0.3526526664824537,35.27%,0.0,8.0179,0.0,0.00%,1.0,0.015350877192982457,1.54%,0.0,170753.09,,N/A,33.4482,33.45,,N/A,170753.09,170753.09,官方+直营目标池
2026-03,2026-03-25,account,抖音-星途汽车直营中心,,14476.0,65.1429,247864.68,247864.68,17.1225,17.12,3804.9403,3804.94,0.0,1338.7143,0.0,0.00%,5105.0,0.3526526664824537,35.27%,0.0,9.1633,0.0,0.00%,1.0,0.015350877192982457,1.54%,0.0,170753.09,,N/A,33.4482,33.45,,N/A,170753.09,170753.09,官方+直营目标池
2026-03,2026-03-26,account,抖音-星途汽车直营中心,,14476.0,65.1429,247864.68,247864.68,17.1225,17.12,3804.9403,3804.94,0.0,1561.8333,0.0,0.00%,5105.0,0.3526526664824537,35.27%,0.0,10.6905,0.0,0.00%,1.0,0.015350877192982457,1.54%,0.0,170753.09,,N/A,33.4482,33.45,,N/A,170753.09,170753.09,官方+直营目标池
2026-03,2026-03-27,account,抖音-星途汽车直营中心,,14476.0,65.1429,247864.68,247864.68,17.1225,17.12,3804.9403,3804.94,0.0,1874.2,0.0,0.00%,5105.0,0.3526526664824537,35.27%,0.0,12.8286,0.0,0.00%,1.0,0.015350877192982457,1.54%,0.0,170753.09,,N/A,33.4482,33.45,,N/A,170753.09,170753.09,官方+直营目标池
2026-03,2026-03-28,account,抖音-星途汽车直营中心,,14476.0,65.1429,247864.68,247864.68,17.1225,17.12,3804.9403,3804.94,0.0,2342.75,0.0,0.00%,5105.0,0.3526526664824537,35.27%,0.0,16.0357,0.0,0.00%,1.0,0.015350877192982457,1.54%,0.0,170753.09,,N/A,33.4482,33.45,,N/A,170753.09,170753.09,官方+直营目标池
2026-03,2026-03-29,account,抖音-星途汽车直营中心,,14476.0,65.1429,247864.68,247864.68,17.1225,17.12,3804.9403,3804.94,0.0,3123.6667,0.0,0.00%,5105.0,0.3526526664824537,35.27%,0.0,21.381,0.0,0.00%,1.0,0.015350877192982457,1.54%,0.0,170753.09,,N/A,33.4482,33.45,,N/A,170753.09,170753.09,官方+直营目标池
2026-03,2026-03-30,account,抖音-星途汽车直营中心,,14476.0,65.1429,247864.68,247864.68,17.1225,17.12,3804.9403,3804.94,0.0,4685.5,0.0,0.00%,5105.0,0.3526526664824537,35.27%,0.0,32.0714,0.0,0.00%,1.0,0.015350877192982457,1.54%,0.0,170753.09,,N/A,33.4482,33.45,,N/A,170753.09,170753.09,官方+直营目标池
2026-03,2026-03-31,account,抖音-星途汽车直营中心,,14476.0,65.1429,247864.68,247864.68,17.1225,17.12,3804.9403,3804.94,0.0,9371.0,0.0,0.00%,5105.0,0.3526526664824537,35.27%,0.0,64.1429,0.0,0.00%,1.0,0.015350877192982457,1.54%,0.0,170753.09,,N/A,33.4482,33.45,,N/A,170753.09,170753.09,官方+直营目标池
2026-03,2026-03-01,account,星途星纪元,,0.0,0.0,,N/A,,N/A,,N/A,0.0,0.0,,N/A,0.0,,N/A,0.0,0.0,,N/A,0.0,,N/A,0.0,0.0,,N/A,,N/A,,N/A,,N/A,星途星纪元
2026-03,2026-03-02,account,星途星纪元,,0.0,0.0,,N/A,,N/A,,N/A,0.0,0.0,,N/A,0.0,,N/A,0.0,0.0,,N/A,0.0,,N/A,0.0,0.0,,N/A,,N/A,,N/A,,N/A,星途星纪元
2026-03,2026-03-03,account,星途星纪元,,0.0,0.0,,N/A,,N/A,,N/A,0.0,0.0,,N/A,0.0,,N/A,0.0,0.0,,N/A,0.0,,N/A,0.0,0.0,,N/A,,N/A,,N/A,,N/A,星途星纪元
2026-03,2026-03-04,account,星途星纪元,,0.0,0.0,,N/A,,N/A,,N/A,0.0,0.0,,N/A,0.0,,N/A,0.0,0.0,,N/A,0.0,,N/A,0.0,0.0,,N/A,,N/A,,N/A,,N/A,星途星纪元
2026-03,2026-03-05,account,星途星纪元,,0.0,0.0,,N/A,,N/A,,N/A,0.0,0.0,,N/A,0.0,,N/A,0.0,0.0,,N/A,0.0,,N/A,0.0,0.0,,N/A,,N/A,,N/A,,N/A,星途星纪元
2026-03,2026-03-06,account,星途星纪元,,0.0,0.0,,N/A,,N/A,,N/A,0.0,0.0,,N/A,0.0,,N/A,0.0,0.0,,N/A,0.0,,N/A,0.0,0.0,,N/A,,N/A,,N/A,,N/A,星途星纪元
2026-03,2026-03-07,account,星途星纪元,,0.0,0.0,,N/A,,N/A,,N/A,0.0,0.0,,N/A,0.0,,N/A,0.0,0.0,,N/A,0.0,,N/A,0.0,0.0,,N/A,,N/A,,N/A,,N/A,星途星纪元
2026-03,2026-03-08,account,星途星纪元,,0.0,0.0,,N/A,,N/A,,N/A,0.0,0.0,,N/A,0.0,,N/A,0.0,0.0,,N/A,0.0,,N/A,0.0,0.0,,N/A,,N/A,,N/A,,N/A,星途星纪元
2026-03,2026-03-09,account,星途星纪元,,0.0,0.0,,N/A,,N/A,,N/A,0.0,0.0,,N/A,0.0,,N/A,0.0,0.0,,N/A,0.0,,N/A,0.0,0.0,,N/A,,N/A,,N/A,,N/A,星途星纪元
2026-03,2026-03-10,account,星途星纪元,,0.0,0.0,,N/A,,N/A,,N/A,0.0,0.0,,N/A,0.0,,N/A,0.0,0.0,,N/A,0.0,,N/A,0.0,0.0,,N/A,,N/A,,N/A,,N/A,星途星纪元
2026-03,2026-03-11,account,星途星纪元,,0.0,0.0,,N/A,,N/A,,N/A,0.0,0.0,,N/A,0.0,,N/A,0.0,0.0,,N/A,0.0,,N/A,0.0,0.0,,N/A,,N/A,,N/A,,N/A,星途星纪元
2026-03,2026-03-12,account,星途星纪元,,0.0,0.0,,N/A,,N/A,,N/A,0.0,0.0,,N/A,0.0,,N/A,0.0,0.0,,N/A,0.0,,N/A,0.0,0.0,,N/A,,N/A,,N/A,,N/A,星途星纪元
2026-03,2026-03-13,account,星途星纪元,,0.0,0.0,,N/A,,N/A,,N/A,0.0,0.0,,N/A,0.0,,N/A,0.0,0.0,,N/A,0.0,,N/A,0.0,0.0,,N/A,,N/A,,N/A,,N/A,星途星纪元
2026-03,2026-03-14,account,星途星纪元,,0.0,0.0,,N/A,,N/A,,N/A,0.0,0.0,,N/A,0.0,,N/A,0.0,0.0,,N/A,0.0,,N/A,0.0,0.0,,N/A,,N/A,,N/A,,N/A,星途星纪元
2026-03,2026-03-15,account,星途星纪元,,0.0,0.0,,N/A,,N/A,,N/A,0.0,0.0,,N/A,0.0,,N/A,0.0,0.0,,N/A,0.0,,N/A,0.0,0.0,,N/A,,N/A,,N/A,,N/A,星途星纪元
2026-03,2026-03-16,account,星途星纪元,,0.0,0.0,,N/A,,N/A,,N/A,1.0,0.0,,N/A,1.0,,N/A,0.0,0.0,,N/A,0.0,,N/A,0.0,0.0,0.0,0.00,0.0,0.00,,N/A,,N/A,星途星纪元
2026-03,2026-03-17,account,星途星纪元,,0.0,0.0,,N/A,,N/A,,N/A,0.0,0.0,,N/A,1.0,,N/A,0.0,0.0,,N/A,0.0,,N/A,0.0,0.0,,N/A,0.0,0.00,,N/A,,N/A,星途星纪元
2026-03,2026-03-18,account,星途星纪元,,0.0,0.0,,N/A,,N/A,,N/A,2.0,0.0,,N/A,3.0,,N/A,0.0,0.0,,N/A,0.0,,N/A,0.0,0.0,0.0,0.00,0.0,0.00,,N/A,,N/A,星途星纪元
2026-03,2026-03-19,account,星途星纪元,,0.0,0.0,,N/A,,N/A,,N/A,0.0,0.0,,N/A,3.0,,N/A,1.0,0.0,,N/A,1.0,,N/A,0.0,0.0,,N/A,0.0,0.00,0.0,0.00,0.0,0.00,星途星纪元
2026-03,2026-03-20,account,星途星纪元,,0.0,0.0,,N/A,,N/A,,N/A,0.0,0.0,,N/A,3.0,,N/A,0.0,0.0,,N/A,1.0,,N/A,0.0,0.0,,N/A,0.0,0.00,,N/A,0.0,0.00,星途星纪元
2026-03,2026-03-21,account,星途星纪元,,0.0,0.0,,N/A,,N/A,,N/A,0.0,0.0,,N/A,3.0,,N/A,0.0,0.0,,N/A,1.0,,N/A,0.0,0.0,,N/A,0.0,0.00,,N/A,0.0,0.00,星途星纪元
2026-03,2026-03-22,account,星途星纪元,,0.0,0.0,,N/A,,N/A,,N/A,0.0,0.0,,N/A,3.0,,N/A,0.0,0.0,,N/A,1.0,,N/A,0.0,0.0,,N/A,0.0,0.00,,N/A,0.0,0.00,星途星纪元
2026-03,2026-03-23,account,星途星纪元,,0.0,0.0,,N/A,,N/A,,N/A,0.0,0.0,,N/A,3.0,,N/A,0.0,0.0,,N/A,1.0,,N/A,0.0,0.0,,N/A,0.0,0.00,,N/A,0.0,0.00,星途星纪元
2026-03,2026-03-24,account,星途星纪元,,0.0,0.0,,N/A,,N/A,,N/A,0.0,0.0,,N/A,3.0,,N/A,0.0,0.0,,N/A,1.0,,N/A,0.0,0.0,,N/A,0.0,0.00,,N/A,0.0,0.00,星途星纪元
2026-03,2026-03-25,account,星途星纪元,,0.0,0.0,,N/A,,N/A,,N/A,0.0,0.0,,N/A,3.0,,N/A,0.0,0.0,,N/A,1.0,,N/A,0.0,0.0,,N/A,0.0,0.00,,N/A,0.0,0.00,星途星纪元
2026-03,2026-03-26,account,星途星纪元,,0.0,0.0,,N/A,,N/A,,N/A,0.0,0.0,,N/A,3.0,,N/A,0.0,0.0,,N/A,1.0,,N/A,0.0,0.0,,N/A,0.0,0.00,,N/A,0.0,0.00,星途星纪元
2026-03,2026-03-27,account,星途星纪元,,0.0,0.0,,N/A,,N/A,,N/A,0.0,0.0,,N/A,3.0,,N/A,0.0,0.0,,N/A,1.0,,N/A,0.0,0.0,,N/A,0.0,0.00,,N/A,0.0,0.00,星途星纪元
2026-03,2026-03-28,account,星途星纪元,,0.0,0.0,,N/A,,N/A,,N/A,0.0,0.0,,N/A,3.0,,N/A,0.0,0.0,,N/A,1.0,,N/A,0.0,0.0,,N/A,0.0,0.00,,N/A,0.0,0.00,星途星纪元
2026-03,2026-03-29,account,星途星纪元,,0.0,0.0,,N/A,,N/A,,N/A,0.0,0.0,,N/A,3.0,,N/A,0.0,0.0,,N/A,1.0,,N/A,0.0,0.0,,N/A,0.0,0.00,,N/A,0.0,0.00,星途星纪元
2026-03,2026-03-30,account,星途星纪元,,0.0,0.0,,N/A,,N/A,,N/A,0.0,0.0,,N/A,3.0,,N/A,0.0,0.0,,N/A,1.0,,N/A,0.0,0.0,,N/A,0.0,0.00,,N/A,0.0,0.00,星途星纪元
2026-03,2026-03-31,account,星途星纪元,,0.0,0.0,,N/A,,N/A,,N/A,0.0,0.0,,N/A,3.0,,N/A,0.0,0.0,,N/A,1.0,,N/A,0.0,0.0,,N/A,0.0,0.00,,N/A,0.0,0.00,星途星纪元
2026-03,2026-03-01,account_total,线索组汇总,,25333.0,114.0,433763.19,433763.19,17.1225,17.12,3804.9403,3804.94,4.0,817.1935,0.004894801247384834,0.49%,4.0,0.00015789681443176883,0.02%,0.0,3.6774,0.0,0.00%,0.0,0.0,0.00%,0.0,0.0,0.0,0.00,0.0,0.00,,N/A,,N/A,
2026-03,2026-03-02,account_total,线索组汇总,,25333.0,114.0,433763.19,433763.19,17.1225,17.12,3804.9403,3804.94,2.0,844.3,0.0023688262465948124,0.24%,6.0,0.00023684522164765326,0.02%,0.0,3.8,0.0,0.00%,0.0,0.0,0.00%,0.0,0.0,0.0,0.00,0.0,0.00,,N/A,,N/A,
2026-03,2026-03-03,account_total,线索组汇总,,25333.0,114.0,433763.19,433763.19,17.1225,17.12,3804.9403,3804.94,1.0,873.3448,0.0011450230978797332,0.11%,7.0,0.00027631942525559546,0.03%,0.0,3.931,0.0,0.00%,0.0,0.0,0.00%,0.0,0.0,0.0,0.00,0.0,0.00,,N/A,,N/A,
2026-03,2026-03-04,account_total,线索组汇总,,25333.0,114.0,433763.19,433763.19,17.1225,17.12,3804.9403,3804.94,8.0,904.5,0.008844665561083471,0.88%,15.0,0.0005921130541191331,0.06%,0.0,4.0714,0.0,0.00%,0.0,0.0,0.00%,0.0,0.0,0.0,0.00,0.0,0.00,,N/A,,N/A,
2026-03,2026-03-05,account_total,线索组汇总,,25333.0,114.0,433763.19,433763.19,17.1225,17.12,3804.9403,3804.94,11.0,937.7037,0.011730784422150248,1.17%,26.0,0.0010263292938064974,0.10%,0.0,4.2222,0.0,0.00%,0.0,0.0,0.00%,0.0,0.0,0.0,0.00,0.0,0.00,,N/A,,N/A,
2026-03,2026-03-06,account_total,线索组汇总,,25333.0,114.0,433763.19,433763.19,17.1225,17.12,3804.9403,3804.94,552.0,973.3462,0.5671158177579326,56.71%,578.0,0.022816089685390596,2.28%,0.0,4.3846,0.0,0.00%,0.0,0.0,0.00%,20475.12,20475.12,37.0926,37.09,35.4241,35.42,,N/A,,N/A,
2026-03,2026-03-07,account_total,线索组汇总,,25333.0,114.0,433763.19,433763.19,17.1225,17.12,3804.9403,3804.94,1.0,990.2,0.0010098969905069683,0.10%,579.0,0.02285556388899854,2.29%,0.0,4.56,0.0,0.00%,0.0,0.0,0.00%,0.0,20475.12,0.0,0.00,35.3629,35.36,,N/A,,N/A,
2026-03,2026-03-08,account_total,线索组汇总,,25333.0,114.0,433763.19,433763.19,17.1225,17.12,3804.9403,3804.94,498.0,1031.4167,0.48283105760685135,48.28%,1077.0,0.04251371728575376,4.25%,2.0,4.75,0.42105263157894735,42.11%,2.0,0.017543859649122806,1.75%,28450.52,48925.64,57.1296,57.13,45.4277,45.43,14225.26,14225.26,24462.82,24462.82,
2026-03,2026-03-09,account_total,线索组汇总,,25333.0,114.0,433763.19,433763.19,17.1225,17.12,3804.9403,3804.94,199.0,1054.6087,0.188695580474934,18.87%,1276.0,0.05036908380373426,5.04%,0.0,4.8696,0.0,0.00%,2.0,0.017543859649122806,1.75%,0.0,48925.64,0.0,0.00,38.343,38.34,,N/A,24462.82,24462.82,
2026-03,2026-03-10,account_total,线索组汇总,,25333.0,114.0,433763.19,433763.19,17.1225,17.12,3804.9403,3804.94,10.0,1093.5,0.009144947416552356,0.91%,1286.0,0.05076382583981368,5.08%,2.0,5.0909,0.39285714285714285,39.29%,4.0,0.03508771929824561,3.51%,0.0,48925.64,0.0,0.00,38.0448,38.04,0.0,0.00,12231.41,12231.41,
2026-03,2026-03-11,account_total,线索组汇总,,25333.0,114.0,433763.19,433763.19,17.1225,17.12,3804.9403,3804.94,4.0,1145.0952,0.0034931592298415603,0.35%,1290.0,0.05092172265424545,5.09%,1.0,5.2381,0.19090909090909092,19.09%,5.0,0.043859649122807015,4.39%,0.0,48925.64,0.0,0.00,37.9269,37.93,0.0,0.00,9785.128,9785.13,
2026-03,2026-03-12,account_total,线索组汇总,,25333.0,114.0,433763.19,433763.19,17.1225,17.12,3804.9403,3804.94,10.0,1202.15,0.008318429480514079,0.83%,1300.0,0.05131646469032487,5.13%,1.0,5.45,0.18348623853211007,18.35%,6.0,0.05263157894736842,5.26%,0.0,48925.64,0.0,0.00,37.6351,37.64,0.0,0.00,8154.2733,8154.27,
2026-03,2026-03-13,account_total,线索组汇总,,25333.0,114.0,433763.19,433763.19,17.1225,17.12,3804.9403,3804.94,0.0,1264.8947,0.0,0.00%,1300.0,0.05131646469032487,5.13%,0.0,5.6842,0.0,0.00%,6.0,0.05263157894736842,5.26%,0.0,48925.64,,N/A,37.6351,37.64,,N/A,8154.2733,8154.27,
2026-03,2026-03-14,account_total,线索组汇总,,25333.0,114.0,433763.19,433763.19,17.1225,17.12,3804.9403,3804.94,198.0,1335.1667,0.14829609287230058,14.83%,1498.0,0.05913235700469743,5.91%,1.0,6.0,0.16666666666666666,16.67%,7.0,0.06140350877192982,6.14%,5000.0,53925.64,25.2525,25.25,35.9984,36.00,5000.0,5000.00,7703.6629,7703.66,
2026-03,2026-03-15,account_total,线索组汇总,,25333.0,114.0,433763.19,433763.19,17.1225,17.12,3804.9403,3804.94,1084.0,1402.0588,0.773148730857982,77.31%,2582.0,0.10192239371570679,10.19%,0.0,6.2941,0.0,0.00%,7.0,0.06140350877192982,6.14%,35067.94,88993.58,32.3505,32.35,34.4669,34.47,,N/A,12713.3686,12713.37,
2026-03,2026-03-16,account_total,线索组汇总,,25333.0,114.0,433763.19,433763.19,17.1225,17.12,3804.9403,3804.94,953.0,1421.9375,0.6702122983605117,67.02%,3535.0,0.13954130975407572,13.95%,0.0,6.6875,0.0,0.00%,7.0,0.06140350877192982,6.14%,30122.84,119116.42,31.6084,31.61,33.6963,33.70,,N/A,17016.6314,17016.63,
2026-03,2026-03-17,account_total,线索组汇总,,25333.0,114.0,433763.19,433763.19,17.1225,17.12,3804.9403,3804.94,2081.0,1453.2,1.4320121112028625,143.20%,5616.0,0.22168712746220345,22.17%,0.0,7.1333,0.0,0.00%,7.0,0.06140350877192982,6.14%,69459.82,188576.24,33.3781,33.38,33.5784,33.58,,N/A,26939.4629,26939.46,
2026-03,2026-03-18,account_total,线索组汇总,,25333.0,114.0,433763.19,433763.19,17.1225,17.12,3804.9403,3804.94,9433.0,1408.3571,6.697874930263224,669.79%,15049.0,0.5940472900959223,59.40%,0.0,7.6429,0.0,0.00%,7.0,0.06140350877192982,6.14%,330797.19,519373.43,35.0681,35.07,34.5122,34.51,,N/A,74196.2043,74196.20,
2026-03,2026-03-19,account_total,线索组汇总,,25333.0,114.0,433763.19,433763.19,17.1225,17.12,3804.9403,3804.94,1863.0,791.0769,2.355017502917153,235.50%,16912.0,0.6675877314175187,66.76%,1.0,8.2308,0.12149532710280375,12.15%,8.0,0.07017543859649122,7.02%,66880.98,586254.41,35.8996,35.90,34.665,34.66,66880.98,66880.98,73281.8012,73281.80,
2026-03,2026-03-20,account_total,线索组汇总,,25333.0,114.0,433763.19,433763.19,17.1225,17.12,3804.9403,3804.94,946.0,701.75,1.3480584253651586,134.81%,17858.0,0.7049303280306319,70.49%,1.0,8.8333,0.11320754716981131,11.32%,9.0,0.07894736842105263,7.89%,33092.21,619346.62,34.9812,34.98,34.6817,34.68,33092.21,33092.21,68816.2911,68816.29,
2026-03,2026-03-21,account_total,线索组汇总,,25333.0,114.0,433763.19,433763.19,17.1225,17.12,3804.9403,3804.94,26.0,679.5455,0.0382608695652174,3.83%,17884.0,0.7059566573244385,70.60%,2.0,9.5455,0.20952380952380953,20.95%,11.0,0.09649122807017543,9.65%,0.0,619346.62,0.0,0.00,34.6313,34.63,0.0,0.00,56304.2382,56304.24,
2026-03,2026-03-22,account_total,线索组汇总,,25333.0,114.0,433763.19,433763.19,17.1225,17.12,3804.9403,3804.94,1.0,744.9,0.0013424620754463688,0.13%,17885.0,0.7059961315280464,70.60%,1.0,10.3,0.0970873786407767,9.71%,12.0,0.10526315789473684,10.53%,0.0,619346.62,0.0,0.00,34.6294,34.63,0.0,0.00,51612.2183,51612.22,
2026-03,2026-03-23,account_total,线索组汇总,,25333.0,114.0,433763.19,433763.19,17.1225,17.12,3804.9403,3804.94,18.0,827.5556,0.021750805585392052,2.18%,17903.0,0.7067066671929894,70.67%,0.0,11.3333,0.0,0.00%,12.0,0.10526315789473684,10.53%,0.0,619346.62,0.0,0.00,34.5946,34.59,,N/A,51612.2183,51612.22,
2026-03,2026-03-24,account_total,线索组汇总,,25333.0,114.0,433763.19,433763.19,17.1225,17.12,3804.9403,3804.94,0.0,928.75,0.0,0.00%,17903.0,0.7067066671929894,70.67%,0.0,12.75,0.0,0.00%,12.0,0.10526315789473684,10.53%,0.0,619346.62,,N/A,34.5946,34.59,,N/A,51612.2183,51612.22,
2026-03,2026-03-25,account_total,线索组汇总,,25333.0,114.0,433763.19,433763.19,17.1225,17.12,3804.9403,3804.94,0.0,1061.4286,0.0,0.00%,17903.0,0.7067066671929894,70.67%,0.0,14.5714,0.0,0.00%,12.0,0.10526315789473684,10.53%,0.0,619346.62,,N/A,34.5946,34.59,,N/A,51612.2183,51612.22,
2026-03,2026-03-26,account_total,线索组汇总,,25333.0,114.0,433763.19,433763.19,17.1225,17.12,3804.9403,3804.94,0.0,1238.3333,0.0,0.00%,17903.0,0.7067066671929894,70.67%,0.0,17.0,0.0,0.00%,12.0,0.10526315789473684,10.53%,0.0,619346.62,,N/A,34.5946,34.59,,N/A,51612.2183,51612.22,
2026-03,2026-03-27,account_total,线索组汇总,,25333.0,114.0,433763.19,433763.19,17.1225,17.12,3804.9403,3804.94,0.0,1486.0,0.0,0.00%,17903.0,0.7067066671929894,70.67%,0.0,20.4,0.0,0.00%,12.0,0.10526315789473684,10.53%,0.0,619346.62,,N/A,34.5946,34.59,,N/A,51612.2183,51612.22,
2026-03,2026-03-28,account_total,线索组汇总,,25333.0,114.0,433763.19,433763.19,17.1225,17.12,3804.9403,3804.94,0.0,1857.5,0.0,0.00%,17903.0,0.7067066671929894,70.67%,0.0,25.5,0.0,0.00%,12.0,0.10526315789473684,10.53%,0.0,619346.62,,N/A,34.5946,34.59,,N/A,51612.2183,51612.22,
2026-03,2026-03-29,account_total,线索组汇总,,25333.0,114.0,433763.19,433763.19,17.1225,17.12,3804.9403,3804.94,0.0,2476.6667,0.0,0.00%,17903.0,0.7067066671929894,70.67%,0.0,34.0,0.0,0.00%,12.0,0.10526315789473684,10.53%,0.0,619346.62,,N/A,34.5946,34.59,,N/A,51612.2183,51612.22,
2026-03,2026-03-30,account_total,线索组汇总,,25333.0,114.0,433763.19,433763.19,17.1225,17.12,3804.9403,3804.94,0.0,3715.0,0.0,0.00%,17903.0,0.7067066671929894,70.67%,0.0,51.0,0.0,0.00%,12.0,0.10526315789473684,10.53%,0.0,619346.62,,N/A,34.5946,34.59,,N/A,51612.2183,51612.22,
2026-03,2026-03-31,account_total,线索组汇总,,25333.0,114.0,433763.19,433763.19,17.1225,17.12,3804.9403,3804.94,0.0,7430.0,0.0,0.00%,17903.0,0.7067066671929894,70.67%,0.0,102.0,0.0,0.00%,12.0,0.10526315789473684,10.53%,0.0,619346.62,,N/A,34.5946,34.59,,N/A,51612.2183,51612.22,
